id,sexe,device,pays,age,temps_site,nb_page,moyenne_chargement
1,Femme,Mobile,France,27,792,12,33
2,Femme,Mobile,France,38,42,1,23
3,Femme,Mobile,France,25,470,7,25
4,Femme,Mobile,Belgique,40,2493,12,23
5,Femme,Mobile,Allemagne,30,876,10,42
6,Femme,Mobile,France,55,265,4,33
7,Femme,Mobile,France,42,2191,12,51
8,Femme,Mobile,Belgique,23,839,7,12
9,Femme,Mobile,Allemagne,37,120,2,41
10,Femme,Mobile,France,29,554,4,13
11,Femme,Mobile,Belgique,18,70,2,22
12,Femme,Mobile,France,54,556,5,60
13,Femme,Mobile,France,29,1176,7,24
14,Femme,Mobile,France,24,282,5,53
15,Femme,Mobile,France,19,365,5,29
16,Femme,Mobile,France,41,230,6,36
17,Femme,Mobile,France,26,2132,8,22
18,Femme,Mobile,France,24,225,3,47
19,Femme,Mobile,France,27,453,4,44
20,Femme,Mobile,France,38,2200,9,25
21,Femme,Mobile,France,33,51,1,28
22,Femme,Mobile,France,44,2027,8,19
23,Femme,Mobile,Belgique,33,1163,7,31
24,Femme,Mobile,France,19,1810,7,42
25,Femme,Mobile,France,39,178,3,41
26,Femme,Mobile,France,36,206,4,55
27,Femme,Mobile,France,29,807,8,21
28,Femme,Mobile,France,35,229,4,28
29,Femme,Mobile,France,37,218,6,48
30,Femme,Mobile,France,22,256,6,43
31,Femme,Mobile,France,42,41,1,14
32,Femme,Mobile,France,31,249,3,49
33,Femme,Mobile,France,38,1514,9,55
34,Femme,Mobile,France,33,30,2,23
35,Femme,Mobile,France,35,77,3,52
36,Femme,Mobile,France,22,2162,12,58
37,Femme,Mobile,Allemagne,37,383,5,58
38,Femme,Mobile,Allemagne,18,41,2,37
39,Femme,Mobile,France,32,666,9,13
40,Femme,Mobile,France,30,2056,12,42
41,Femme,Mobile,Belgique,25,622,12,25
42,Femme,Mobile,Allemagne,41,1191,12,52
43,Femme,Mobile,Allemagne,40,940,6,31
44,Femme,Mobile,France,37,399,5,49
45,Femme,Mobile,Allemagne,41,510,4,31
46,Femme,Mobile,France,26,1512,9,47
47,Femme,Mobile,Allemagne,15,1075,12,58
48,Femme,Mobile,Allemagne,43,27,1,51
49,Femme,Mobile,Belgique,39,89,2,27
50,Femme,Mobile,Allemagne,25,39,2,34
51,Femme,Mobile,Belgique,34,1198,7,47
52,Femme,Mobile,Belgique,16,52,1,49
53,Femme,Mobile,France,23,922,10,40
54,Femme,Mobile,France,26,1049,7,25
55,Femme,Mobile,France,22,170,4,16
56,Femme,Mobile,France,22,290,3,25
57,Femme,Mobile,France,33,59,2,17
58,Femme,Mobile,France,33,40,2,31
59,Femme,Mobile,France,22,187,5,24
60,Femme,Mobile,France,26,495,7,29
61,Femme,Mobile,France,23,1425,8,33
62,Femme,Mobile,France,21,60,1,57
63,Femme,Mobile,France,17,597,5,13
64,Femme,Mobile,France,26,1733,7,43
65,Femme,Mobile,France,41,440,6,49
66,Femme,Mobile,France,22,783,6,18
67,Femme,Mobile,France,19,2184,11,38
68,Femme,Mobile,France,23,198,5,23
69,Femme,Mobile,France,26,971,9,18
70,Femme,Mobile,France,30,38,1,35
71,Femme,Mobile,France,21,191,4,60
72,Femme,Mobile,France,38,724,8,51
73,Femme,Mobile,France,33,667,11,57
74,Femme,Mobile,France,26,435,6,39
75,Femme,Mobile,France,41,257,3,19
76,Femme,Mobile,France,16,640,9,24
77,Femme,Mobile,France,20,114,2,52
78,Femme,Mobile,Belgique,15,1072,8,44
79,Femme,Mobile,Allemagne,20,21,2,33
80,Femme,Mobile,Belgique,42,601,9,44
81,Femme,Mobile,Allemagne,45,262,4,23
82,Femme,Mobile,France,20,1090,7,24
83,Femme,Mobile,Allemagne,32,1146,7,30
84,Femme,Mobile,Allemagne,44,395,7,28
85,Femme,Mobile,France,42,12,1,48
86,Femme,Mobile,France,22,317,4,17
87,Femme,Mobile,France,45,2260,11,51
88,Femme,Mobile,France,28,911,9,34
89,Femme,Mobile,France,19,25,1,17
90,Femme,Mobile,France,16,14,1,50
91,Femme,Mobile,France,42,1688,8,16
92,Femme,Mobile,France,42,652,5,57
93,Femme,Mobile,France,17,605,6,46
94,Femme,Mobile,France,24,243,5,44
95,Femme,Mobile,France,39,171,3,25
96,Femme,Mobile,France,22,321,5,44
97,Femme,Mobile,France,31,8,1,37
98,Femme,Mobile,France,24,586,11,14
99,Femme,Mobile,France,15,839,11,56
100,Femme,Mobile,France,44,2232,12,41
101,Femme,Mobile,France,31,846,9,52
102,Femme,Mobile,France,23,611,11,45
103,Femme,Mobile,France,31,1964,9,36
104,Femme,Mobile,Belgique,17,1347,8,32
105,Femme,Mobile,Allemagne,28,135,3,19
106,Femme,Mobile,France,22,116,2,60
107,Femme,Mobile,Allemagne,33,341,6,56
108,Femme,Mobile,France,32,153,3,47
109,Femme,Mobile,Belgique,34,944,7,35
110,Femme,Mobile,Allemagne,40,1532,10,37
111,Femme,Mobile,Allemagne,25,1565,10,17
112,Femme,Mobile,Belgique,36,264,3,35
113,Femme,Mobile,Belgique,43,1280,11,54
114,Femme,Mobile,Belgique,33,562,11,58
115,Femme,Mobile,Belgique,43,1877,7,46
116,Femme,Mobile,France,45,2479,10,31
117,Femme,Mobile,France,19,75,3,47
118,Femme,Mobile,France,22,1974,10,28
119,Femme,Mobile,France,24,901,7,16
120,Femme,Mobile,France,38,17,2,35
121,Femme,Mobile,France,15,1576,7,32
122,Femme,Mobile,France,29,556,4,16
123,Femme,Mobile,France,37,386,5,12
124,Femme,Mobile,France,31,99,4,39
125,Femme,Mobile,France,16,463,8,53
126,Femme,Mobile,France,42,12,1,48
127,Femme,Mobile,France,20,305,4,36
128,Femme,Mobile,France,18,1672,7,27
129,Femme,Mobile,France,28,414,4,58
130,Femme,Mobile,France,20,484,8,13
131,Femme,Mobile,France,21,104,3,12
132,Femme,Mobile,France,37,607,8,30
133,Femme,Mobile,France,27,522,5,38
134,Femme,Mobile,France,21,2307,11,30
135,Femme,Mobile,France,15,1330,9,38
136,Femme,Mobile,France,30,1468,8,15
137,Femme,Mobile,France,42,329,4,37
138,Femme,Mobile,France,27,29,2,57
139,Femme,Mobile,France,27,584,4,55
140,Femme,Mobile,France,31,401,6,14
141,Femme,Mobile,Allemagne,24,111,3,45
142,Femme,Mobile,France,21,1311,8,30
143,Femme,Mobile,Belgique,39,11,1,43
144,Femme,Mobile,France,31,48,1,34
145,Femme,Mobile,Belgique,23,587,4,21
146,Femme,Mobile,Allemagne,34,1756,11,43
147,Femme,Mobile,Belgique,28,503,7,31
148,Femme,Mobile,Belgique,36,24,1,47
149,Femme,Mobile,France,40,1517,7,23
150,Femme,Mobile,Allemagne,43,1090,9,38
151,Femme,Mobile,Allemagne,23,1084,10,28
152,Femme,Mobile,Allemagne,26,445,4,37
153,Femme,Mobile,France,44,1892,11,57
154,Femme,Mobile,Allemagne,30,94,3,34
155,Femme,Mobile,Allemagne,21,1088,8,48
156,Femme,Mobile,France,18,65,2,49
157,Femme,Mobile,France,25,2403,11,40
158,Femme,Mobile,Belgique,44,1597,9,19
159,Femme,Mobile,France,34,532,4,57
160,Femme,Mobile,France,33,1410,7,34
161,Femme,Mobile,France,19,564,12,37
162,Femme,Mobile,Allemagne,28,655,7,42
163,Femme,Mobile,Belgique,38,398,4,24
164,Femme,Mobile,Belgique,32,548,6,47
165,Femme,Mobile,France,36,1992,11,24
166,Femme,Mobile,France,39,84,3,31
167,Femme,Mobile,France,22,7,1,20
168,Femme,Mobile,France,29,17,1,48
169,Femme,Mobile,France,24,514,5,57
170,Femme,Mobile,France,24,920,9,23
171,Femme,Mobile,France,23,1483,7,23
172,Femme,Mobile,France,16,103,4,46
173,Femme,Mobile,France,27,602,5,26
174,Femme,Mobile,France,22,118,3,48
175,Femme,Mobile,France,36,2411,11,19
176,Femme,Mobile,France,31,98,2,43
177,Femme,Mobile,France,40,647,8,55
178,Femme,Mobile,France,27,557,8,38
179,Femme,Mobile,France,15,10,1,20
180,Femme,Mobile,France,43,2125,8,21
181,Femme,Mobile,France,19,2157,10,59
182,Femme,Mobile,France,42,1877,12,12
183,Femme,Mobile,France,43,247,3,35
184,Femme,Mobile,France,26,1863,7,29
185,Femme,Mobile,France,29,1952,7,51
186,Femme,Mobile,France,22,1751,8,33
187,Femme,Mobile,France,15,112,3,46
188,Femme,Mobile,France,29,14,2,49
189,Femme,Mobile,France,16,1513,9,34
190,Femme,Mobile,France,18,73,2,48
191,Femme,Mobile,France,36,795,6,34
192,Femme,Mobile,France,22,208,4,43
193,Femme,Mobile,France,41,130,3,57
194,Femme,Mobile,France,34,11,2,51
195,Femme,Mobile,France,42,249,3,52
196,Femme,Mobile,Allemagne,43,676,6,31
197,Femme,Mobile,Allemagne,27,415,5,47
198,Femme,Mobile,France,37,486,5,28
199,Femme,Mobile,Allemagne,15,697,9,57
200,Femme,Mobile,Allemagne,34,539,4,55
201,Femme,Mobile,Belgique,42,1973,7,55
202,Femme,Mobile,France,45,1448,8,16
203,Femme,Mobile,Belgique,16,1487,10,51
204,Femme,Mobile,France,30,844,11,24
205,Femme,Mobile,France,33,1274,9,38
206,Femme,Mobile,France,34,774,7,57
207,Femme,Mobile,France,30,188,3,48
208,Femme,Mobile,France,22,395,4,26
209,Femme,Mobile,France,24,759,6,16
210,Femme,Mobile,France,45,399,4,54
211,Femme,Mobile,France,35,1259,7,17
212,Femme,Mobile,France,23,941,8,39
213,Femme,Mobile,France,26,46,1,43
214,Femme,Mobile,France,20,357,5,44
215,Femme,Mobile,France,35,36,1,25
216,Femme,Mobile,France,35,338,4,23
217,Femme,Mobile,France,28,1517,9,50
218,Femme,Mobile,France,19,2451,12,12
219,Femme,Mobile,France,30,31,1,17
220,Femme,Mobile,France,38,1264,12,18
221,Femme,Mobile,France,39,875,9,15
222,Femme,Mobile,France,44,575,10,36
223,Femme,Mobile,France,45,300,6,44
224,Femme,Mobile,France,15,27,2,41
225,Femme,Mobile,France,17,1540,11,30
226,Femme,Mobile,France,17,1097,11,30
227,Femme,Mobile,France,26,975,6,57
228,Femme,Mobile,France,20,504,10,51
229,Femme,Mobile,France,45,1934,8,36
230,Femme,Mobile,France,19,76,2,37
231,Femme,Mobile,France,40,132,3,59
232,Femme,Mobile,France,24,270,4,56
233,Femme,Mobile,France,29,1161,7,60
234,Femme,Mobile,France,45,1667,10,32
235,Femme,Mobile,France,21,54,1,15
236,Femme,Mobile,France,30,1797,11,36
237,Femme,Mobile,France,16,2427,12,15
238,Femme,Mobile,France,41,1817,7,14
239,Femme,Mobile,France,29,394,5,19
240,Femme,Mobile,France,17,10,1,14
241,Femme,Mobile,Allemagne,27,598,7,34
242,Femme,Mobile,Allemagne,18,2365,10,49
243,Femme,Mobile,Belgique,36,477,6,16
244,Femme,Mobile,Allemagne,25,303,5,12
245,Femme,Mobile,Belgique,21,41,1,49
246,Femme,Mobile,Belgique,19,1350,9,35
247,Femme,Mobile,France,22,1218,11,22
248,Femme,Mobile,Allemagne,24,1034,12,25
249,Femme,Mobile,Belgique,21,1745,10,44
250,Femme,Mobile,Belgique,42,48,1,13
251,Femme,Mobile,France,41,101,2,25
252,Femme,Mobile,France,32,58,1,19
253,Femme,Mobile,Belgique,33,811,6,31
254,Femme,Mobile,Belgique,31,129,3,38
255,Femme,Mobile,Allemagne,30,475,5,15
256,Femme,Mobile,Allemagne,36,426,8,23
257,Femme,Mobile,Belgique,30,1359,8,55
258,Femme,Mobile,France,36,1212,9,50
259,Femme,Mobile,France,26,1597,11,42
260,Femme,Mobile,France,21,809,8,45
261,Femme,Mobile,France,43,542,7,53
262,Femme,Mobile,France,25,894,6,50
263,Femme,Mobile,France,15,231,3,22
264,Femme,Mobile,France,45,32,1,55
265,Femme,Mobile,France,35,2342,12,52
266,Femme,Mobile,France,15,1608,7,21
267,Femme,Mobile,France,39,410,4,59
268,Femme,Mobile,France,34,413,4,17
269,Femme,Mobile,France,24,2338,10,47
270,Femme,Mobile,France,20,2174,8,53
271,Femme,Mobile,France,16,2369,12,23
272,Femme,Mobile,France,34,2395,12,36
273,Femme,Mobile,France,36,1070,8,24
274,Femme,Mobile,France,44,1580,8,23
275,Femme,Mobile,France,21,873,9,28
276,Femme,Mobile,France,26,511,4,57
277,Femme,Mobile,France,20,74,4,41
278,Femme,Mobile,France,24,1914,7,13
279,Femme,Mobile,France,19,1227,7,53
280,Femme,Mobile,France,36,86,2,14
281,Femme,Mobile,France,22,730,7,39
282,Femme,Mobile,France,24,547,5,12
283,Femme,Mobile,France,27,107,2,17
284,Femme,Mobile,France,31,796,11,58
285,Femme,Mobile,France,41,66,2,20
286,Femme,Mobile,France,21,827,6,13
287,Femme,Mobile,France,24,112,2,47
288,Femme,Mobile,France,43,116,2,20
289,Femme,Mobile,France,44,2326,10,15
290,Femme,Mobile,France,23,387,5,37
291,Femme,Mobile,France,22,2372,12,45
292,Femme,Mobile,France,35,75,2,46
293,Femme,Mobile,France,22,452,4,50
294,Femme,Mobile,France,32,52,3,27
295,Femme,Mobile,France,21,945,11,34
296,Femme,Mobile,France,23,321,5,19
297,Femme,Mobile,France,39,794,7,20
298,Femme,Mobile,France,30,90,3,14
299,Femme,Mobile,France,23,998,9,32
300,Femme,Mobile,France,27,1140,8,35
301,Femme,Mobile,France,35,447,5,55
302,Femme,Mobile,France,39,430,6,45
303,Femme,Mobile,France,24,1478,10,44
304,Femme,Mobile,France,23,1563,10,60
305,Femme,Mobile,France,22,168,3,45
306,Femme,Mobile,France,37,2111,10,12
307,Femme,Mobile,France,45,290,3,57
308,Femme,Mobile,France,17,594,12,37
309,Femme,Mobile,France,30,512,6,43
310,Femme,Mobile,France,18,2019,12,51
311,Femme,Mobile,France,37,788,8,37
312,Femme,Mobile,France,24,1456,7,28
313,Femme,Mobile,France,26,5,1,29
314,Femme,Mobile,France,36,6,1,45
315,Femme,Mobile,France,31,980,12,43
316,Femme,Mobile,France,27,1128,7,13
317,Femme,Mobile,Allemagne,26,1278,8,15
318,Femme,Mobile,Belgique,19,576,10,51
319,Femme,Mobile,Allemagne,19,572,5,53
320,Femme,Mobile,Allemagne,29,63,2,59
321,Femme,Mobile,Belgique,36,917,10,30
322,Femme,Mobile,Belgique,25,454,4,25
323,Femme,Mobile,Allemagne,15,351,6,25
324,Femme,Mobile,Allemagne,45,366,5,32
325,Femme,Mobile,Belgique,41,1403,12,52
326,Femme,Mobile,Belgique,44,234,3,49
327,Femme,Mobile,France,20,18,1,38
328,Femme,Mobile,France,30,537,4,60
329,Femme,Mobile,France,32,1837,10,13
330,Femme,Mobile,France,15,1928,8,52
331,Femme,Mobile,France,16,1325,10,51
332,Femme,Mobile,France,26,262,5,43
333,Femme,Mobile,France,25,1289,8,36
334,Femme,Mobile,France,37,481,5,53
335,Femme,Mobile,France,22,1189,11,54
336,Femme,Mobile,France,29,673,12,27
337,Femme,Mobile,France,45,310,7,28
338,Femme,Mobile,France,30,733,8,36
339,Femme,Mobile,France,38,2028,12,37
340,Femme,Mobile,France,25,200,5,46
341,Femme,Mobile,France,36,852,6,24
342,Femme,Mobile,France,23,61,4,42
343,Femme,Mobile,France,17,508,12,47
344,Femme,Mobile,France,19,570,9,22
345,Femme,Mobile,France,17,2374,12,34
346,Femme,Mobile,France,19,29,2,31
347,Femme,Mobile,France,38,118,2,42
348,Femme,Mobile,France,24,264,5,25
349,Femme,Mobile,France,36,854,8,51
350,Femme,Mobile,France,41,990,10,53
351,Femme,Mobile,France,43,77,2,47
352,Femme,Mobile,France,28,15,1,15
353,Femme,Mobile,France,45,106,2,45
354,Femme,Mobile,France,28,301,5,54
355,Femme,Mobile,France,30,506,4,31
356,Femme,Mobile,France,24,351,4,39
357,Femme,Mobile,France,18,459,5,21
358,Femme,Mobile,France,17,1198,9,55
359,Femme,Mobile,France,31,423,4,18
360,Femme,Mobile,France,44,215,4,58
361,Femme,Mobile,France,27,38,1,53
362,Femme,Mobile,France,37,2074,10,42
363,Femme,Mobile,France,25,1732,7,18
364,Femme,Mobile,France,29,2436,12,42
365,Femme,Mobile,France,38,494,6,45
366,Femme,Mobile,France,21,2238,9,59
367,Femme,Mobile,France,41,22,1,17
368,Femme,Mobile,France,41,480,5,42
369,Femme,Mobile,France,44,22,1,13
370,Femme,Mobile,France,42,566,5,48
371,Femme,Mobile,France,16,9,1,37
372,Femme,Mobile,Belgique,35,10,1,28
373,Femme,Mobile,Belgique,21,751,7,34
374,Femme,Mobile,Allemagne,41,886,8,52
375,Femme,Mobile,Allemagne,19,2118,10,25
376,Femme,Mobile,Belgique,21,1680,10,24
377,Femme,Mobile,France,36,315,5,15
378,Femme,Mobile,France,38,35,1,56
379,Femme,Mobile,France,37,250,3,44
380,Femme,Mobile,France,28,510,8,36
381,Femme,Mobile,France,20,700,6,39
382,Femme,Mobile,France,32,558,6,39
383,Femme,Mobile,France,31,997,7,26
384,Femme,Mobile,France,43,46,2,20
385,Femme,Mobile,France,40,78,2,31
386,Femme,Mobile,France,21,1478,12,54
387,Femme,Mobile,France,45,21,2,54
388,Femme,Mobile,France,22,759,7,34
389,Femme,Mobile,France,16,194,4,59
390,Femme,Mobile,France,24,1201,8,32
391,Femme,Mobile,France,34,1940,8,36
392,Femme,Mobile,France,19,2094,12,40
393,Femme,Mobile,France,19,1990,7,22
394,Femme,Mobile,France,26,2349,9,23
395,Femme,Mobile,France,15,13,2,33
396,Femme,Mobile,France,45,99,4,17
397,Femme,Mobile,Belgique,27,603,7,55
398,Femme,Mobile,France,21,29,2,44
399,Femme,Mobile,Belgique,40,1556,10,49
400,Femme,Mobile,France,20,145,4,34
401,Femme,Mobile,Belgique,22,571,6,56
402,Femme,Mobile,Allemagne,19,27,2,21
403,Femme,Mobile,Belgique,37,827,8,28
404,Femme,Mobile,France,24,111,2,28
405,Femme,Mobile,Allemagne,33,78,2,41
406,Femme,Mobile,France,42,11,2,35
407,Femme,Mobile,France,23,893,7,18
408,Femme,Mobile,France,33,1407,12,53
409,Femme,Mobile,Allemagne,32,832,6,37
410,Femme,Mobile,Belgique,19,416,5,34
411,Femme,Mobile,France,15,479,6,32
412,Femme,Mobile,France,32,1687,9,17
413,Femme,Mobile,France,45,393,4,52
414,Femme,Mobile,France,42,1543,8,38
415,Femme,Mobile,France,38,1401,12,60
416,Femme,Mobile,France,44,454,5,15
417,Femme,Mobile,France,28,2083,12,12
418,Femme,Mobile,France,23,17,1,19
419,Femme,Mobile,France,36,475,6,45
420,Femme,Mobile,France,31,273,3,51
421,Femme,Mobile,France,43,120,2,55
422,Femme,Mobile,France,38,439,4,42
423,Femme,Mobile,France,39,635,10,28
424,Femme,Mobile,France,31,674,7,20
425,Femme,Mobile,France,37,1371,9,27
426,Femme,Mobile,France,25,214,3,35
427,Femme,Mobile,France,18,555,6,54
428,Femme,Mobile,France,22,303,4,34
429,Femme,Mobile,France,36,393,4,48
430,Femme,Mobile,France,21,141,4,26
431,Femme,Mobile,France,43,41,3,48
432,Femme,Mobile,France,44,1274,11,27
433,Femme,Mobile,France,20,20,2,58
434,Femme,Mobile,France,29,608,8,27
435,Femme,Mobile,France,24,1484,12,56
436,Femme,Mobile,France,16,1312,8,49
437,Femme,Mobile,France,43,222,4,38
438,Femme,Mobile,Belgique,40,9,1,45
439,Femme,Mobile,Belgique,36,288,4,28
440,Femme,Mobile,Allemagne,26,567,9,41
441,Femme,Mobile,Allemagne,42,84,2,19
442,Femme,Mobile,Allemagne,32,74,2,12
443,Femme,Mobile,Belgique,31,433,6,49
444,Femme,Mobile,Allemagne,24,1355,11,34
445,Femme,Mobile,France,32,606,12,48
446,Femme,Mobile,Allemagne,28,1084,8,16
447,Femme,Mobile,Belgique,18,881,9,12
448,Femme,Mobile,Belgique,21,18,1,44
449,Femme,Mobile,France,45,690,5,42
450,Femme,Mobile,Allemagne,16,463,9,50
451,Femme,Mobile,Allemagne,34,191,3,27
452,Femme,Mobile,Allemagne,40,29,2,34
453,Femme,Mobile,France,28,53,2,29
454,Femme,Mobile,France,45,746,7,49
455,Femme,Mobile,France,40,85,4,31
456,Femme,Mobile,France,31,912,7,18
457,Femme,Mobile,France,23,43,1,13
458,Femme,Mobile,France,37,238,6,26
459,Femme,Mobile,France,22,221,4,58
460,Femme,Mobile,France,16,1256,11,40
461,Femme,Mobile,France,32,2434,12,28
462,Femme,Mobile,France,17,950,11,50
463,Femme,Mobile,France,18,303,5,41
464,Femme,Mobile,France,21,637,11,55
465,Femme,Mobile,France,30,856,11,25
466,Femme,Mobile,France,26,1600,12,17
467,Femme,Mobile,France,42,1229,11,16
468,Femme,Mobile,France,21,117,2,21
469,Femme,Mobile,France,32,750,10,38
470,Femme,Mobile,France,35,98,2,57
471,Femme,Mobile,France,32,503,4,18
472,Femme,Mobile,France,21,7,1,33
473,Femme,Mobile,France,19,191,4,36
474,Femme,Mobile,France,44,97,3,27
475,Femme,Mobile,France,38,2328,9,54
476,Femme,Mobile,France,22,21,1,30
477,Femme,Mobile,France,42,88,2,20
478,Femme,Mobile,France,41,911,11,41
479,Femme,Mobile,France,35,1276,8,54
480,Femme,Mobile,France,28,645,12,27
481,Femme,Mobile,France,43,653,11,47
482,Femme,Mobile,France,18,1047,11,25
483,Femme,Mobile,France,36,388,5,53
484,Femme,Mobile,France,19,547,9,44
485,Femme,Mobile,France,38,920,6,40
486,Femme,Mobile,France,45,1861,8,14
487,Femme,Mobile,France,36,1404,10,57
488,Femme,Mobile,France,35,226,4,41
489,Femme,Mobile,France,27,320,4,54
490,Femme,Mobile,France,39,149,3,24
491,Femme,Mobile,France,30,91,2,57
492,Femme,Mobile,France,19,566,4,36
493,Femme,Mobile,France,37,524,9,13
494,Femme,Mobile,France,38,1401,7,51
495,Femme,Mobile,France,30,36,1,17
496,Femme,Mobile,France,17,1934,11,58
497,Femme,Mobile,France,43,2248,11,26
498,Femme,Mobile,Allemagne,24,34,1,50
499,Femme,Mobile,Belgique,30,16,1,19
500,Femme,Mobile,France,32,309,5,22
501,Femme,Mobile,France,36,1248,10,26
502,Femme,Mobile,France,32,179,4,38
503,Femme,Mobile,Belgique,23,1042,9,32
504,Femme,Mobile,France,25,34,1,55
505,Femme,Mobile,France,33,2045,8,54
506,Femme,Mobile,France,18,1182,9,42
507,Femme,Mobile,France,28,1983,10,19
508,Femme,Mobile,France,45,1416,8,58
509,Femme,Mobile,Belgique,28,513,4,55
510,Femme,Mobile,France,30,662,5,19
511,Femme,Mobile,Belgique,27,1340,10,33
512,Femme,Mobile,France,25,1977,11,44
513,Femme,Mobile,France,21,1495,7,25
514,Femme,Mobile,France,29,2100,11,18
515,Femme,Mobile,France,29,626,5,38
516,Femme,Mobile,France,21,177,3,12
517,Femme,Mobile,France,27,58,3,43
518,Femme,Mobile,France,23,28,2,35
519,Femme,Mobile,France,40,740,6,36
520,Femme,Mobile,France,28,325,7,42
521,Femme,Mobile,France,26,1749,8,60
522,Femme,Mobile,France,25,242,3,55
523,Femme,Mobile,France,30,233,3,58
524,Femme,Mobile,France,29,63,3,34
525,Femme,Mobile,France,40,1706,7,21
526,Femme,Mobile,France,34,110,2,16
527,Femme,Mobile,France,36,74,2,44
528,Femme,Mobile,France,17,176,4,45
529,Femme,Mobile,France,39,112,2,33
530,Femme,Mobile,France,26,1843,11,16
531,Femme,Mobile,France,27,793,12,54
532,Femme,Mobile,France,30,78,4,19
533,Femme,Mobile,France,18,982,11,38
534,Femme,Mobile,France,42,563,9,22
535,Femme,Mobile,France,30,616,5,16
536,Femme,Mobile,France,25,73,2,17
537,Femme,Mobile,France,24,28,1,21
538,Femme,Mobile,France,24,666,12,28
539,Femme,Mobile,France,19,490,5,58
540,Femme,Mobile,France,40,2301,12,47
541,Femme,Mobile,Belgique,25,1161,7,29
542,Femme,Mobile,Belgique,21,545,6,33
543,Femme,Mobile,Allemagne,44,215,5,47
544,Femme,Mobile,Allemagne,38,1429,12,48
545,Femme,Mobile,France,19,99,2,52
546,Femme,Mobile,France,17,554,4,31
547,Femme,Mobile,France,44,2039,9,13
548,Femme,Mobile,France,21,323,5,26
549,Femme,Mobile,France,42,613,7,59
550,Femme,Mobile,France,27,805,8,23
551,Femme,Mobile,France,29,1609,7,19
552,Femme,Mobile,France,30,564,7,18
553,Femme,Mobile,France,30,260,3,17
554,Femme,Mobile,France,35,777,6,13
555,Femme,Mobile,France,43,2125,12,52
556,Femme,Mobile,France,32,288,3,31
557,Femme,Mobile,France,22,699,6,49
558,Femme,Mobile,France,33,2167,8,21
559,Femme,Mobile,France,20,39,2,27
560,Femme,Mobile,France,35,1006,7,38
561,Femme,Mobile,France,37,311,5,27
562,Femme,Mobile,France,20,1249,10,41
563,Femme,Mobile,France,20,215,4,13
564,Femme,Mobile,France,33,193,3,51
565,Femme,Mobile,France,24,1682,11,16
566,Femme,Mobile,France,21,168,3,38
567,Femme,Desktop,France,21,1757,10,14
568,Femme,Desktop,Belgique,69,1744,8,24
569,Femme,Desktop,Allemagne,49,240,5,25
570,Femme,Desktop,Allemagne,22,1649,11,25
571,Femme,Desktop,Allemagne,67,392,4,17
572,Femme,Desktop,France,27,2373,10,22
573,Femme,Desktop,Allemagne,53,521,6,26
574,Femme,Desktop,Allemagne,80,896,9,11
575,Femme,Desktop,Belgique,51,2213,12,8
576,Femme,Desktop,France,20,511,4,18
577,Femme,Desktop,France,58,1304,7,12
578,Femme,Desktop,France,61,432,4,8
579,Femme,Desktop,France,72,419,4,23
580,Femme,Desktop,France,43,1519,9,28
581,Femme,Desktop,France,32,325,5,29
582,Femme,Desktop,France,24,1834,10,29
583,Femme,Desktop,France,61,8,1,6
584,Femme,Desktop,France,52,20,2,29
585,Femme,Desktop,France,44,709,9,4
586,Femme,Desktop,France,70,281,5,21
587,Femme,Desktop,France,37,2302,10,2
588,Femme,Desktop,France,15,1400,8,17
589,Femme,Desktop,France,40,60,2,27
590,Femme,Desktop,France,24,45,2,23
591,Femme,Desktop,France,23,1782,10,21
592,Femme,Desktop,France,42,102,2,5
593,Femme,Desktop,France,16,1167,11,25
594,Femme,Desktop,France,35,213,6,9
595,Femme,Desktop,France,25,2118,10,25
596,Femme,Desktop,France,56,172,3,8
597,Femme,Desktop,France,42,2418,12,21
598,Femme,Desktop,France,65,267,6,5
599,Femme,Desktop,France,38,434,4,28
600,Femme,Desktop,France,17,946,6,29
601,Femme,Desktop,France,47,2124,10,9
602,Femme,Desktop,France,21,19,1,25
603,Femme,Desktop,France,36,26,1,19
604,Femme,Desktop,Allemagne,47,2053,10,8
605,Femme,Desktop,France,27,891,10,14
606,Femme,Desktop,Allemagne,64,611,12,19
607,Femme,Desktop,France,73,2270,12,26
608,Femme,Desktop,France,35,2104,9,12
609,Femme,Desktop,France,17,14,1,12
610,Femme,Desktop,France,67,821,7,10
611,Femme,Desktop,France,41,107,2,3
612,Femme,Desktop,France,75,439,5,17
613,Femme,Desktop,France,79,1794,10,4
614,Femme,Desktop,France,38,43,1,20
615,Femme,Desktop,France,25,525,12,15
616,Femme,Desktop,France,54,467,5,9
617,Femme,Desktop,France,52,694,7,19
618,Femme,Desktop,France,24,1451,8,5
619,Femme,Desktop,France,39,510,7,28
620,Femme,Desktop,France,59,994,6,23
621,Femme,Desktop,France,27,124,3,13
622,Femme,Desktop,France,58,49,1,4
623,Femme,Desktop,France,20,568,9,13
624,Femme,Desktop,France,75,1989,11,3
625,Femme,Desktop,France,15,224,5,8
626,Femme,Tablette,France,33,2348,11,40
627,Femme,Tablette,France,70,1223,10,52
628,Femme,Tablette,Allemagne,80,214,5,46
629,Femme,Tablette,Allemagne,44,117,2,22
630,Femme,Tablette,Belgique,35,994,7,25
631,Femme,Tablette,France,65,1224,12,18
632,Femme,Tablette,France,74,33,3,45
633,Femme,Tablette,France,34,2015,8,31
634,Femme,Tablette,France,43,40,2,44
635,Femme,Tablette,France,29,252,5,41
636,Femme,Tablette,France,16,684,11,57
637,Femme,Tablette,France,31,692,6,60
638,Femme,Tablette,France,40,300,6,50
639,Femme,Tablette,France,15,14,1,48
640,Femme,Tablette,France,28,569,9,47
641,Femme,Tablette,France,36,415,4,19
642,Femme,Tablette,France,21,957,6,32
643,Femme,Tablette,France,80,1284,12,54
644,Femme,Tablette,France,53,658,6,49
645,Femme,Tablette,France,54,173,3,36
646,Femme,Tablette,France,62,360,7,27
647,Femme,Tablette,France,67,1754,9,18
648,Femme,Tablette,France,63,18,1,51
649,Femme,Tablette,France,32,1397,12,37
650,Femme,Tablette,France,53,1060,7,22
651,Femme,Tablette,France,50,1576,12,45
652,Femme,Tablette,France,54,1630,12,21
653,Femme,Tablette,France,57,781,7,56
654,Femme,Tablette,France,45,1685,12,38
655,Femme,Tablette,France,21,685,12,33
656,Femme,Tablette,France,20,508,5,57
657,Femme,Tablette,France,57,529,5,49
658,Femme,Tablette,France,73,42,1,21
659,Femme,Tablette,France,44,261,5,41
660,Femme,Tablette,Allemagne,66,1523,12,41
661,Femme,Tablette,Allemagne,59,645,9,56
662,Femme,Tablette,Allemagne,61,658,5,47
663,Femme,Tablette,France,61,43,2,50
664,Femme,Tablette,Allemagne,16,76,2,26
665,Femme,Tablette,Allemagne,49,199,4,37
666,Femme,Tablette,Belgique,79,2207,12,44
667,Femme,Tablette,Allemagne,34,1290,12,43
668,Femme,Tablette,France,49,580,12,29
669,Femme,Tablette,France,30,14,1,43
670,Femme,Tablette,France,70,477,4,19
671,Femme,Tablette,France,76,754,10,59
672,Femme,Tablette,France,15,22,1,34
673,Femme,Tablette,France,57,260,3,33
674,Femme,Tablette,France,70,2129,11,23
675,Femme,Tablette,France,79,135,3,49
676,Femme,Tablette,France,48,39,1,41
677,Femme,Tablette,France,63,510,5,34
678,Femme,Tablette,France,47,329,5,38
679,Femme,Tablette,France,23,48,2,27
680,Homme,Mobile,France,17,26,1,42
681,Homme,Mobile,France,45,1314,12,38
682,Homme,Mobile,France,16,129,4,34
683,Homme,Mobile,France,24,2376,9,41
684,Homme,Mobile,France,38,1499,11,59
685,Homme,Mobile,France,21,1494,12,46
686,Homme,Mobile,France,33,386,4,40
687,Homme,Mobile,France,15,2192,8,55
688,Homme,Mobile,France,29,733,11,36
689,Homme,Mobile,France,35,223,5,52
690,Homme,Mobile,France,31,1389,10,30
691,Homme,Mobile,France,44,2360,9,59
692,Homme,Mobile,France,44,1829,11,39
693,Homme,Mobile,France,25,60,2,35
694,Homme,Mobile,France,40,291,5,50
695,Homme,Mobile,France,31,152,3,57
696,Homme,Mobile,France,27,693,6,27
697,Homme,Mobile,France,15,435,5,59
698,Homme,Mobile,France,36,1300,7,59
699,Homme,Mobile,France,23,49,2,36
700,Homme,Mobile,France,38,1378,9,12
701,Homme,Mobile,France,45,41,1,52
702,Homme,Mobile,France,22,1528,7,18
703,Homme,Mobile,France,15,2500,10,51
704,Homme,Mobile,France,41,1535,8,46
705,Homme,Mobile,Belgique,35,108,2,30
706,Homme,Mobile,France,20,29,1,59
707,Homme,Mobile,Allemagne,40,999,8,51
708,Homme,Mobile,Allemagne,42,1908,12,22
709,Homme,Mobile,France,28,822,6,40
710,Homme,Mobile,Belgique,34,1642,7,26
711,Homme,Mobile,France,44,92,3,13
712,Homme,Mobile,France,26,34,1,45
713,Homme,Mobile,France,22,3,1,26
714,Homme,Mobile,France,23,897,11,48
715,Homme,Mobile,France,28,207,3,36
716,Homme,Mobile,France,38,378,4,18
717,Homme,Mobile,France,17,72,2,24
718,Homme,Mobile,France,22,827,6,28
719,Homme,Mobile,France,18,457,7,17
720,Homme,Mobile,France,41,278,4,50
721,Homme,Mobile,France,35,32,2,15
722,Homme,Mobile,France,22,876,9,42
723,Homme,Mobile,France,29,628,6,18
724,Homme,Mobile,France,45,933,12,58
725,Homme,Mobile,France,45,45,2,16
726,Homme,Mobile,France,39,2083,12,57
727,Homme,Mobile,France,30,1787,12,31
728,Homme,Mobile,France,41,415,4,48
729,Homme,Mobile,France,16,39,2,24
730,Homme,Mobile,France,32,38,1,46
731,Homme,Mobile,France,40,1312,11,14
732,Homme,Mobile,France,29,10,1,21
733,Homme,Mobile,France,30,2486,10,15
734,Homme,Mobile,France,27,972,11,56
735,Homme,Mobile,France,25,1301,8,16
736,Homme,Mobile,France,22,107,3,23
737,Homme,Mobile,France,44,1585,10,27
738,Homme,Mobile,France,33,55,1,40
739,Homme,Mobile,France,16,14,1,27
740,Homme,Mobile,Allemagne,37,2471,11,53
741,Homme,Mobile,France,37,439,5,49
742,Homme,Mobile,France,27,497,8,37
743,Homme,Mobile,France,35,672,8,41
744,Homme,Mobile,Allemagne,38,621,12,60
745,Homme,Mobile,Belgique,21,17,1,36
746,Homme,Mobile,Belgique,18,39,1,40
747,Homme,Mobile,Allemagne,33,2177,9,35
748,Homme,Mobile,France,26,2289,12,28
749,Homme,Mobile,Belgique,28,290,3,26
750,Homme,Mobile,Belgique,18,351,5,34
751,Homme,Mobile,Allemagne,45,1853,11,40
752,Homme,Mobile,Belgique,22,627,5,15
753,Homme,Mobile,Allemagne,21,928,6,17
754,Homme,Mobile,Allemagne,27,1673,7,37
755,Homme,Mobile,France,17,1274,9,18
756,Homme,Mobile,France,28,1736,12,35
757,Homme,Mobile,France,17,665,12,57
758,Homme,Mobile,France,26,107,3,51
759,Homme,Mobile,France,16,585,11,59
760,Homme,Mobile,France,32,2125,8,37
761,Homme,Mobile,France,22,91,3,36
762,Homme,Mobile,France,18,1247,9,56
763,Homme,Mobile,France,25,2179,8,60
764,Homme,Mobile,France,31,1850,11,48
765,Homme,Mobile,France,43,1201,7,12
766,Homme,Mobile,France,15,640,6,22
767,Homme,Mobile,France,17,2416,11,13
768,Homme,Mobile,France,19,2203,10,40
769,Homme,Mobile,France,25,77,2,26
770,Homme,Mobile,France,37,29,1,17
771,Homme,Mobile,France,41,549,7,19
772,Homme,Mobile,France,33,491,6,13
773,Homme,Mobile,France,26,1052,10,21
774,Homme,Mobile,France,20,2449,11,44
775,Homme,Mobile,France,23,1650,9,42
776,Homme,Mobile,France,37,26,1,51
777,Homme,Mobile,France,23,501,4,49
778,Homme,Mobile,France,38,1578,12,59
779,Homme,Mobile,France,16,209,5,32
780,Homme,Mobile,France,27,533,8,38
781,Homme,Mobile,France,34,809,7,30
782,Homme,Mobile,France,18,35,3,46
783,Homme,Mobile,France,19,792,6,38
784,Homme,Mobile,France,27,206,5,33
785,Homme,Mobile,France,15,317,5,52
786,Homme,Mobile,France,36,242,4,45
787,Homme,Mobile,France,18,6,1,22
788,Homme,Mobile,France,42,970,12,55
789,Homme,Mobile,France,39,157,3,16
790,Homme,Mobile,France,40,1946,12,36
791,Homme,Mobile,France,34,387,4,57
792,Homme,Desktop,France,37,403,9,6
793,Homme,Desktop,France,66,438,4,28
794,Homme,Desktop,France,50,1863,10,10
795,Homme,Desktop,France,36,2379,11,26
796,Homme,Desktop,France,73,133,3,29
797,Homme,Desktop,France,51,1592,12,9
798,Homme,Desktop,France,37,276,3,28
799,Homme,Desktop,France,69,8,1,4
800,Homme,Desktop,France,68,1077,12,4
801,Homme,Desktop,France,20,171,3,16
802,Homme,Desktop,France,20,219,4,15
803,Homme,Desktop,France,78,483,4,26
804,Homme,Desktop,France,22,35,1,19
805,Homme,Desktop,France,40,185,3,8
806,Homme,Desktop,France,61,231,5,11
807,Homme,Desktop,France,73,1261,9,16
808,Homme,Desktop,France,65,40,1,9
809,Homme,Desktop,France,35,1575,12,17
810,Homme,Desktop,France,16,2150,12,26
811,Homme,Desktop,France,79,1177,10,8
812,Homme,Desktop,France,30,174,4,21
813,Homme,Desktop,France,41,526,5,18
814,Homme,Desktop,France,41,1907,9,7
815,Homme,Desktop,France,42,34,1,7
816,Homme,Desktop,France,67,1982,11,14
817,Homme,Desktop,France,31,1807,12,24
818,Homme,Desktop,France,64,432,5,18
819,Homme,Desktop,France,35,1056,10,24
820,Homme,Desktop,France,50,1102,8,2
821,Homme,Desktop,France,41,2000,12,12
822,Homme,Desktop,France,20,53,1,14
823,Homme,Desktop,France,22,1186,12,18
824,Homme,Desktop,France,38,924,7,11
825,Homme,Desktop,France,71,491,7,5
826,Homme,Desktop,France,54,425,7,20
827,Homme,Desktop,France,19,1390,7,21
828,Homme,Desktop,France,79,444,5,15
829,Homme,Desktop,France,16,304,5,28
830,Homme,Desktop,France,80,237,5,30
831,Homme,Desktop,France,41,614,6,4
832,Homme,Desktop,France,49,120,4,13
833,Homme,Desktop,France,48,186,3,17
834,Homme,Desktop,France,55,1159,8,17
835,Homme,Desktop,France,40,189,5,3
836,Homme,Desktop,France,54,140,3,6
837,Homme,Desktop,France,45,539,7,26
838,Homme,Desktop,France,34,277,4,27
839,Homme,Desktop,France,40,570,10,21
840,Homme,Desktop,France,64,164,3,8
841,Homme,Desktop,France,54,6,1,21
842,Homme,Desktop,France,38,733,10,3
843,Homme,Desktop,France,49,77,2,21
844,Homme,Desktop,France,69,845,12,13
845,Homme,Desktop,France,23,126,3,16
846,Homme,Desktop,France,29,375,5,14
847,Homme,Desktop,France,71,969,10,29
848,Homme,Desktop,France,16,743,7,26
849,Homme,Desktop,France,31,1437,7,12
850,Homme,Desktop,France,22,88,2,15
851,Homme,Desktop,France,47,1466,7,17
852,Homme,Desktop,France,62,495,4,17
853,Homme,Desktop,France,33,75,2,22
854,Homme,Desktop,France,22,1789,11,9
855,Homme,Desktop,France,55,989,11,13
856,Homme,Desktop,France,30,1518,7,14
857,Homme,Desktop,France,38,1773,9,13
858,Homme,Desktop,France,55,759,8,28
859,Homme,Desktop,France,32,664,12,25
860,Homme,Desktop,France,52,406,5,22
861,Homme,Desktop,France,73,1381,9,12
862,Homme,Desktop,France,51,981,12,18
863,Homme,Desktop,France,80,557,5,28
864,Homme,Desktop,France,56,1317,7,22
865,Homme,Desktop,France,27,879,8,8
866,Homme,Desktop,France,15,53,1,18
867,Homme,Desktop,France,38,570,4,29
868,Homme,Desktop,France,69,527,10,6
869,Homme,Desktop,France,39,218,6,27
870,Homme,Desktop,France,28,51,1,6
871,Homme,Desktop,France,39,922,11,30
872,Homme,Desktop,France,52,3,1,13
873,Homme,Desktop,France,39,224,5,17
874,Homme,Desktop,France,27,394,4,2
875,Homme,Desktop,France,21,1133,12,9
876,Homme,Desktop,France,62,1205,12,13
877,Homme,Desktop,France,29,1738,8,23
878,Homme,Desktop,France,27,1502,11,20
879,Homme,Desktop,France,28,2360,11,30
880,Homme,Desktop,France,59,1372,11,28
881,Homme,Desktop,France,71,1845,12,3
882,Homme,Desktop,France,17,544,6,7
883,Homme,Desktop,France,15,1995,12,13
884,Homme,Desktop,France,78,231,3,22
885,Homme,Desktop,France,55,404,6,4
886,Homme,Desktop,France,57,42,2,8
887,Homme,Desktop,France,58,2102,9,12
888,Homme,Desktop,France,63,443,4,3
889,Homme,Desktop,France,62,1716,8,11
890,Homme,Desktop,France,54,641,11,26
891,Homme,Desktop,France,74,1026,10,17
892,Homme,Desktop,France,38,528,8,9
893,Homme,Desktop,France,27,521,6,6
894,Homme,Desktop,France,34,871,9,12
895,Homme,Desktop,France,38,1752,11,16
896,Homme,Desktop,France,71,1577,9,4
897,Homme,Desktop,France,30,510,10,10
898,Homme,Desktop,France,27,510,5,8
899,Homme,Desktop,France,72,99,2,17
900,Homme,Desktop,France,32,933,6,17
901,Homme,Desktop,France,31,1262,10,11
902,Homme,Desktop,France,60,1071,12,12
903,Homme,Desktop,France,17,90,2,6
904,Homme,Desktop,France,32,469,4,19
905,Homme,Desktop,France,37,285,5,15
906,Homme,Desktop,France,64,379,5,6
907,Homme,Desktop,France,26,45,3,12
908,Homme,Desktop,France,52,2341,9,28
909,Homme,Desktop,France,80,874,8,7
910,Homme,Desktop,France,77,358,6,20
911,Homme,Desktop,France,79,2130,11,16
912,Homme,Desktop,France,33,330,6,23
913,Homme,Desktop,France,21,236,6,21
914,Homme,Desktop,France,42,485,4,26
915,Homme,Desktop,France,64,265,3,28
916,Homme,Desktop,France,42,618,11,7
917,Homme,Desktop,France,40,2325,9,5
918,Homme,Desktop,France,77,133,3,12
919,Homme,Desktop,France,17,193,3,11
920,Homme,Tablette,France,71,44,3,28
921,Homme,Tablette,Allemagne,22,171,4,35
922,Homme,Tablette,Allemagne,33,79,2,33
923,Homme,Tablette,France,54,103,4,19
924,Homme,Tablette,France,37,248,6,22
925,Homme,Tablette,France,68,55,3,43
926,Homme,Tablette,France,31,1010,12,26
927,Homme,Tablette,France,53,494,5,50
928,Homme,Tablette,France,59,119,4,16
929,Homme,Tablette,France,49,749,11,47
930,Homme,Tablette,France,31,906,9,30
931,Homme,Tablette,France,68,1363,7,46
932,Homme,Tablette,France,49,1217,8,50
933,Homme,Tablette,France,50,667,9,50
934,Homme,Tablette,Allemagne,48,2496,12,17
935,Homme,Tablette,Belgique,38,1897,7,54
936,Homme,Tablette,Belgique,17,2297,10,53
937,Homme,Tablette,Belgique,48,399,5,36
938,Homme,Tablette,Allemagne,76,1465,12,58
939,Homme,Tablette,France,16,270,3,58
940,Homme,Tablette,Belgique,19,1192,9,28
941,Homme,Tablette,Allemagne,44,1128,12,28
942,Homme,Tablette,France,29,21,2,31
943,Homme,Tablette,France,49,86,2,39
944,Homme,Tablette,France,15,333,5,28
945,Homme,Tablette,France,23,1316,11,21
946,Homme,Tablette,France,73,95,4,42
947,Homme,Tablette,France,71,1170,8,37
948,Homme,Tablette,France,70,2314,11,39
949,Homme,Tablette,France,24,329,6,18
950,Homme,Tablette,France,50,274,6,56
951,Homme,Tablette,France,52,266,3,39
952,Homme,Tablette,Allemagne,53,1124,11,45
953,Homme,Tablette,France,62,349,6,33
954,Homme,Tablette,France,76,477,6,27
955,Homme,Tablette,France,66,195,3,18
956,Homme,Tablette,Allemagne,64,905,12,45
957,Homme,Tablette,France,79,265,5,52
958,Homme,Tablette,France,23,189,3,39
959,Homme,Tablette,Allemagne,52,7,1,40
960,Homme,Tablette,France,35,51,3,22
961,Homme,Tablette,France,38,715,7,45
962,Homme,Tablette,Allemagne,51,488,4,58
963,Homme,Tablette,France,61,961,9,57
964,Homme,Tablette,France,66,84,3,19
965,Homme,Tablette,France,22,659,5,22
966,Homme,Tablette,France,16,45,1,59
967,Homme,Tablette,France,77,413,8,41
968,Homme,Tablette,France,27,1781,12,54
969,Homme,Tablette,France,61,120,2,33
970,Homme,Tablette,France,38,1851,12,19
971,Homme,Tablette,France,73,2218,12,31
972,Homme,Tablette,France,21,490,8,41
973,Homme,Tablette,France,33,916,12,37
974,Homme,Tablette,France,68,414,9,47
975,Homme,Tablette,France,61,2166,8,48
976,Homme,Tablette,France,36,151,3,30
977,Homme,Tablette,Allemagne,70,369,4,47
978,Homme,Tablette,Belgique,46,885,11,45
979,Homme,Tablette,Allemagne,20,1562,9,37
980,Homme,Tablette,Allemagne,40,44,1,29
981,Homme,Tablette,France,30,1980,10,59
982,Homme,Tablette,France,60,1765,12,48
983,Homme,Tablette,France,53,54,1,51
984,Homme,Tablette,France,40,774,6,39
985,Homme,Tablette,France,56,446,9,30
986,Homme,Tablette,France,61,29,1,38
987,Homme,Tablette,France,58,2011,9,40
988,Homme,Tablette,France,68,26,1,39
989,Homme,Tablette,France,32,849,11,27
990,Homme,Tablette,France,75,125,3,44
991,Homme,Tablette,France,33,604,10,31
992,Homme,Tablette,France,23,187,3,36
993,Homme,Tablette,Belgique,46,459,7,27
994,Homme,Tablette,France,70,524,5,42
995,Homme,Tablette,France,45,561,5,52
996,Homme,Tablette,France,25,538,6,24
997,Homme,Tablette,France,54,157,3,23
998,Homme,Tablette,France,54,750,8,32
999,Homme,Tablette,France,52,27,1,20
1000,Homme,Tablette,France,59,54,1,44
